{
  "FEM_3D_thermal2.mtx": {
    "CPU CSR": 0.002431895,
    "CPU CSR (mkl)": 0.001102224,
    "CPU CSR Parallel": 0.001372561,
    "GPU COO": 0.00029305601492524147,
    "GPU CSR": 0.0004492479783948511,
    "GPU CSR (cuSparse)": 0.00014147200272418559,
    "GPU CSR (vector)": 0.00016668799798935652,
    "GPU CSR-Adaptive": 0.0003940479946322739,
    "GPU ELL": 9.315200441051275e-05
  },
  "ML_Laplace.mtx": {
    "CPU CSR": 0.021445798,
    "CPU CSR (mkl)": 0.02087573,
    "CPU CSR Parallel": 0.008313291,
    "GPU COO": 0.004478911869227886,
    "GPU CSR": 0.0051840320229530334,
    "GPU CSR (cuSparse)": 0.000898783968295902,
    "GPU CSR (vector)": 0.0008043840061873198,
    "GPU CSR-Adaptive": 0.0019079359481111169,
    "GPU ELL": 0.000745664001442492
  },
  "PR02R.mtx": {
    "CPU CSR": 0.006525693,
    "CPU CSR (mkl)": 0.002486594,
    "CPU CSR Parallel": 0.002640127,
    "GPU COO": 0.001194496056996286,
    "GPU CSR": 0.001072895945981145,
    "GPU CSR (cuSparse)": 0.0004155200149398297,
    "GPU CSR (vector)": 0.0003886080230586231,
    "GPU CSR-Adaptive": 0.000624671985860914,
    "GPU ELL": 0.00045923198922537267
  },
  "af23560.mtx": {
    "CPU CSR": 0.000317575,
    "CPU CSR (mkl)": 0.001788566,
    "CPU CSR Parallel": 9.1146e-05,
    "GPU COO": 4.070400245836936e-05,
    "GPU CSR": 3.891199958161451e-05,
    "GPU CSR (cuSparse)": 3.174399898853153e-05,
    "GPU CSR (vector)": 2.6432000595377758e-05,
    "GPU CSR-Adaptive": 3.135999941150658e-05,
    "GPU ELL": 9.824000699154567e-06
  },
  "lung2.mtx": {
    "CPU CSR": 0.000374866,
    "CPU CSR (mkl)": 0.000186221,
    "CPU CSR Parallel": 0.00018271,
    "GPU COO": 2.4351998945348896e-05,
    "GPU CSR": 3.3055999665521085e-05,
    "GPU CSR (cuSparse)": 4.710400025942363e-05,
    "GPU CSR (vector)": 0.00010710400238167495,
    "GPU CSR-Adaptive": 3.392000144231133e-05,
    "GPU ELL": 2.8896000003442168e-05
  },
  "mac_econ_fwd500.mtx": {
    "CPU CSR": 0.00101478,
    "CPU CSR (mkl)": 0.000434016,
    "CPU CSR Parallel": 0.000533693,
    "GPU COO": 6.159999611554667e-05,
    "GPU CSR": 8.51520017022267e-05,
    "GPU CSR (cuSparse)": 9.929600491886958e-05,
    "GPU CSR (vector)": 0.00039321600343100727,
    "GPU CSR-Adaptive": 8.268799865618348e-05,
    "GPU ELL": 0.00038720000884495676
  },
  "mhd4800a.mtx": {
    "CPU CSR": 6.8592e-05,
    "CPU CSR (mkl)": 2.1019e-05,
    "CPU CSR Parallel": 1.8391e-05,
    "GPU COO": 1.2256000445631798e-05,
    "GPU CSR": 3.455999831203371e-05,
    "GPU CSR (cuSparse)": 2.4576000214437954e-05,
    "GPU CSR (vector)": 9.05599972611526e-06,
    "GPU CSR-Adaptive": 1.4336000276671257e-05,
    "GPU ELL": 7.808000191289466e-06
  },
  "raefsky3.mtx": {
    "CPU CSR": 0.001157481,
    "CPU CSR (mkl)": 0.000408367,
    "CPU CSR Parallel": 0.000561465,
    "GPU COO": 0.00038982401019893587,
    "GPU CSR": 0.0001368000084767118,
    "GPU CSR (cuSparse)": 5.939200127613731e-05,
    "GPU CSR (vector)": 4.3296000512782484e-05,
    "GPU CSR-Adaptive": 7.647999882465228e-05,
    "GPU ELL": 4.073600211995654e-05
  },
  "thermal.mtx": {
    "CPU CSR": 4.3289e-05,
    "CPU CSR (mkl)": 6.3014e-05,
    "CPU CSR Parallel": 1.335e-05,
    "GPU COO": 9.663999662734568e-06,
    "GPU CSR": 3.071999890380539e-05,
    "GPU CSR (cuSparse)": 2.415999915683642e-05,
    "GPU CSR (vector)": 8.12800044514006e-06,
    "GPU CSR-Adaptive": 9.759999556990806e-06,
    "GPU ELL": 6.271999609452905e-06
  }
}