{
  "FEM_3D_thermal2.mtx": {
    "CPU CSR": 17.947485397190256,
    "CPU CSR (mkl)": 39.59848451857336,
    "CPU CSR Parallel": 31.799242438041006,
    "GPU COO": 238.1319489989052,
    "GPU CSR": 97.15436039567103,
    "GPU CSR (cuSparse)": 308.5161668707921,
    "GPU CSR (vector)": 261.8448870133226,
    "GPU CSR-Adaptive": 0.0,
    "GPU ELL": 520.7746232299563
  },
  "ML_Laplace.mtx": {
    "CPU CSR": 15.704880182122391,
    "CPU CSR (mkl)": 16.133744209184542,
    "CPU CSR Parallel": 40.51388168656673,
    "GPU COO": 123.64597834684984,
    "GPU CSR": 64.96944588859678,
    "GPU CSR (cuSparse)": 374.73263863237474,
    "GPU CSR (vector)": 418.7100755476326,
    "GPU CSR-Adaptive": 0.0,
    "GPU ELL": 450.9883584958546
  },
  "PR02R.mtx": {
    "CPU CSR": 15.34771433470744,
    "CPU CSR (mkl)": 40.27777433710529,
    "CPU CSR Parallel": 37.93547507373698,
    "GPU COO": 137.04751810705142,
    "GPU CSR": 93.34966021183952,
    "GPU CSR (cuSparse)": 241.03404986280407,
    "GPU CSR (vector)": 257.7262075335261,
    "GPU CSR-Adaptive": 0.0,
    "GPU ELL": 388.6174399589055
  },
  "af23560.mtx": {
    "CPU CSR": 19.18851294969692,
    "CPU CSR (mkl)": 3.407082545458205,
    "CPU CSR Parallel": 66.85748140346257,
    "GPU COO": 237.94023720162667,
    "GPU CSR": 156.6044424732994,
    "GPU CSR (cuSparse)": 191.96673998766082,
    "GPU CSR (vector)": 230.54599964959291,
    "GPU CSR-Adaptive": 0.0,
    "GPU ELL": 613.9413243851913
  },
  "lung2.mtx": {
    "CPU CSR": 19.27165440450721,
    "CPU CSR (mkl)": 38.79416392351024,
    "CPU CSR Parallel": 39.53964205571671,
    "GPU COO": 404.5368112124341,
    "GPU CSR": 218.54695284061435,
    "GPU CSR (cuSparse)": 153.36888502489145,
    "GPU CSR (vector)": 67.451148783923,
    "GPU CSR-Adaptive": 0.0,
    "GPU ELL": 378.80675521511915
  },
  "mac_econ_fwd500.mtx": {
    "CPU CSR": 17.5000177378348,
    "CPU CSR (mkl)": 40.91708139792081,
    "CPU CSR Parallel": 33.27506262963914,
    "GPU COO": 413.4380130841017,
    "GPU CSR": 208.55256065619437,
    "GPU CSR (cuSparse)": 178.8457452493666,
    "GPU CSR (vector)": 45.16262777976149,
    "GPU CSR-Adaptive": 0.0,
    "GPU ELL": 283.72416707250005
  },
  "mhd4800a.mtx": {
    "CPU CSR": 18.72848145556333,
    "CPU CSR (mkl)": 61.11727484656739,
    "CPU CSR Parallel": 69.85068783644174,
    "GPU COO": 166.8603072488366,
    "GPU CSR": 37.170835148817034,
    "GPU CSR (cuSparse)": 52.27148391890503,
    "GPU CSR (vector)": 141.85336118059527,
    "GPU CSR-Adaptive": 0.0,
    "GPU ELL": 245.90163331987807
  },
  "raefsky3.mtx": {
    "CPU CSR": 15.6543528576279,
    "CPU CSR (mkl)": 44.37091145954497,
    "CPU CSR Parallel": 32.272031204082175,
    "GPU COO": 76.38154454571685,
    "GPU CSR": 132.45332512596005,
    "GPU CSR (cuSparse)": 305.0851227550763,
    "GPU CSR (vector)": 418.50553828061925,
    "GPU CSR-Adaptive": 0.0,
    "GPU ELL": 501.6888976934736
  },
  "thermal.mtx": {
    "CPU CSR": 19.40003234077941,
    "CPU CSR (mkl)": 13.32732408671089,
    "CPU CSR Parallel": 62.90696629213483,
    "GPU COO": 137.68212401028777,
    "GPU CSR": 27.337500975495484,
    "GPU CSR (cuSparse)": 34.76026611376616,
    "GPU CSR (vector)": 103.32282898706566,
    "GPU CSR-Adaptive": 0.0,
    "GPU ELL": 180.734705131603
  }
}