{
  "FEM_3D_thermal2.mtx": {
    "CPU CSR": 2.8696140252765847,
    "CPU CSR (mkl)": 6.331380917127553,
    "CPU CSR Parallel": 5.084364192192551,
    "GPU COO": 23.81319489989052,
    "GPU CSR": 15.533959718492932,
    "GPU CSR (cuSparse)": 49.32848807976168,
    "GPU CSR (vector)": 41.86624162614037,
    "GPU CSR-Adaptive": 0.0,
    "GPU ELL": 85.73728553176109
  },
  "ML_Laplace.mtx": {
    "CPU CSR": 2.582321441244574,
    "CPU CSR (mkl)": 2.6528386791743332,
    "CPU CSR Parallel": 6.661614996996978,
    "GPU COO": 12.364597834684984,
    "GPU CSR": 10.682793577431134,
    "GPU CSR (cuSparse)": 61.61652405193719,
    "GPU CSR (vector)": 68.84764437633967,
    "GPU CSR-Adaptive": 0.0,
    "GPU ELL": 74.82766486254089
  },
  "PR02R.mtx": {
    "CPU CSR": 2.508587517065237,
    "CPU CSR (mkl)": 6.5834116868294545,
    "CPU CSR Parallel": 6.20056232143378,
    "GPU COO": 13.70475181070514,
    "GPU CSR": 15.258023913054931,
    "GPU CSR (cuSparse)": 39.39707212989616,
    "GPU CSR (vector)": 42.125409226382544,
    "GPU CSR-Adaptive": 0.0,
    "GPU ELL": 64.5357481520204
  },
  "af23560.mtx": {
    "CPU CSR": 3.0497110918680628,
    "CPU CSR (mkl)": 0.5415019630251274,
    "CPU CSR Parallel": 10.625940798279682,
    "GPU COO": 23.794023720162667,
    "GPU CSR": 24.889802899196454,
    "GPU CSR (cuSparse)": 30.510081617313055,
    "GPU CSR (vector)": 36.64164566375526,
    "GPU CSR-Adaptive": 0.0,
    "GPU ELL": 100.72474853194545
  },
  "lung2.mtx": {
    "CPU CSR": 2.627947053080301,
    "CPU CSR (mkl)": 5.290101546012534,
    "CPU CSR Parallel": 5.391757429806797,
    "GPU COO": 40.453681121243406,
    "GPU CSR": 29.801791201841443,
    "GPU CSR (cuSparse)": 20.91389254786095,
    "GPU CSR (vector)": 9.197863554056607,
    "GPU CSR-Adaptive": 0.0,
    "GPU ELL": 60.60908083441907
  },
  "mac_econ_fwd500.mtx": {
    "CPU CSR": 2.5096848578016906,
    "CPU CSR (mkl)": 5.867935744304358,
    "CPU CSR Parallel": 4.771990638812951,
    "GPU COO": 41.34380130841017,
    "GPU CSR": 29.908609886893622,
    "GPU CSR (cuSparse)": 25.648343073629807,
    "GPU CSR (vector)": 6.476791325322678,
    "GPU CSR-Adaptive": 0.0,
    "GPU ELL": 46.93181710973685
  },
  "mhd4800a.mtx": {
    "CPU CSR": 2.9814555633310005,
    "CPU CSR (mkl)": 9.72948284885104,
    "CPU CSR Parallel": 11.119786852264694,
    "GPU COO": 16.686030724883658,
    "GPU CSR": 5.917361400124611,
    "GPU CSR (cuSparse)": 8.32128898989257,
    "GPU CSR (vector)": 22.582156159994256,
    "GPU CSR-Adaptive": 0.0,
    "GPU ELL": 40.57376949777988
  },
  "raefsky3.mtx": {
    "CPU CSR": 2.572427538767375,
    "CPU CSR (mkl)": 7.291323735757297,
    "CPU CSR Parallel": 5.303155138788704,
    "GPU COO": 7.638154454571685,
    "GPU CSR": 21.76561268639747,
    "GPU CSR (cuSparse)": 50.133619612449785,
    "GPU CSR (vector)": 68.77161781077048,
    "GPU CSR-Adaptive": 0.0,
    "GPU ELL": 83.26786683709106
  },
  "thermal.mtx": {
    "CPU CSR": 3.073667675390977,
    "CPU CSR (mkl)": 2.1115307709397912,
    "CPU CSR Parallel": 9.966741573033708,
    "GPU COO": 13.768212401028777,
    "GPU CSR": 4.331250154553811,
    "GPU CSR (cuSparse)": 5.507284960411511,
    "GPU CSR (vector)": 16.370077843629744,
    "GPU CSR-Adaptive": 0.0,
    "GPU ELL": 29.755103893617566
  }
}