{
  "FEM_3D_thermal2.mtx": {
    "CPU CSR": 27.093774009016688,
    "CPU CSR (mkl)": 43.5647916416346,
    "CPU CSR Parallel": 27.132806439154777,
    "GPU COO": 281.00990334751447,
    "GPU CSR": 91.71293936062735,
    "GPU CSR (cuSparse)": 176.30483488096658,
    "GPU CSR (vector)": 181.60136607509097,
    "GPU CSR-Adaptive": 0.0,
    "GPU ELL": 581.4479603362845
  },
  "ML_Laplace.mtx": {
    "CPU CSR": 25.0453601537747,
    "CPU CSR (mkl)": 42.479235969133796,
    "CPU CSR Parallel": 42.93804192520656,
    "GPU COO": 304.6972690276614,
    "GPU CSR": 61.629169660260835,
    "GPU CSR (cuSparse)": 424.99045341267214,
    "GPU CSR (vector)": 470.49090084815856,
    "GPU CSR-Adaptive": 0.0,
    "GPU ELL": 530.8119196224435
  },
  "PR02R.mtx": {
    "CPU CSR": 24.40291678829246,
    "CPU CSR (mkl)": 38.960602844914014,
    "CPU CSR Parallel": 43.83334980907906,
    "GPU COO": 265.7339224742679,
    "GPU CSR": 81.9894399238563,
    "GPU CSR (cuSparse)": 312.16179009023926,
    "GPU CSR (vector)": 295.3754632401639,
    "GPU CSR-Adaptive": 0.0,
    "GPU ELL": 478.7088580363448
  },
  "af23560.mtx": {
    "CPU CSR": 27.384429481980632,
    "CPU CSR (mkl)": 47.54652074886829,
    "CPU CSR Parallel": 70.98419058772072,
    "GPU COO": 396.6060820284896,
    "GPU CSR": 153.38537177000893,
    "GPU CSR (cuSparse)": 198.38486430798272,
    "GPU CSR (vector)": 213.61412925831027,
    "GPU CSR-Adaptive": 0.0,
    "GPU ELL": 547.0746075126218
  },
  "lung2.mtx": {
    "CPU CSR": 24.79329023986324,
    "CPU CSR (mkl)": 46.516804381206676,
    "CPU CSR Parallel": 43.511150945589684,
    "GPU COO": 480.08184159710953,
    "GPU CSR": 266.0179703792605,
    "GPU CSR (cuSparse)": 157.30259074895662,
    "GPU CSR (vector)": 29.65909943124715,
    "GPU CSR-Adaptive": 0.0,
    "GPU ELL": 463.43953089574325
  },
  "mac_econ_fwd500.mtx": {
    "CPU CSR": 19.89899653570013,
    "CPU CSR (mkl)": 40.57397982567101,
    "CPU CSR Parallel": 59.82355534116238,
    "GPU COO": 523.8128375802962,
    "GPU CSR": 246.53635975730558,
    "GPU CSR (cuSparse)": 197.95642699185842,
    "GPU CSR (vector)": 55.74889021019066,
    "GPU CSR-Adaptive": 0.0,
    "GPU ELL": 424.3464905430059
  },
  "mhd4800a.mtx": {
    "CPU CSR": 30.491902223116387,
    "CPU CSR (mkl)": 75.82332761578044,
    "CPU CSR Parallel": 112.36773817719641,
    "GPU COO": 300.7411892970567,
    "GPU CSR": 49.372672822408795,
    "GPU CSR (cuSparse)": 80.6660635736363,
    "GPU CSR (vector)": 133.14758504398503,
    "GPU CSR-Adaptive": 0.0,
    "GPU ELL": 337.3737538516171
  },
  "raefsky3.mtx": {
    "CPU CSR": 24.682305442152895,
    "CPU CSR (mkl)": 12.926346007904867,
    "CPU CSR Parallel": 54.00542662489397,
    "GPU COO": 275.79991505893014,
    "GPU CSR": 76.02229828249116,
    "GPU CSR (cuSparse)": 359.4652645581262,
    "GPU CSR (vector)": 430.8974170674078,
    "GPU CSR-Adaptive": 0.0,
    "GPU ELL": 596.4725696165228
  },
  "thermal.mtx": {
    "CPU CSR": 32.58767371317045,
    "CPU CSR (mkl)": 32.09337223843268,
    "CPU CSR Parallel": 97.10313901345292,
    "GPU COO": 259.87500734976715,
    "GPU CSR": 38.806450872799516,
    "GPU CSR (cuSparse)": 59.48900838936742,
    "GPU CSR (vector)": 123.73714517916122,
    "GPU CSR-Adaptive": 0.0,
    "GPU ELL": 234.85713666910578
  }
}