{
  "FEM_3D_thermal2.mtx": {
    "CPU CSR": 2.62051728423897,
    "CPU CSR (mkl)": 4.213598646064597,
    "CPU CSR Parallel": 2.624292511632122,
    "GPU COO": 17.563118959219654,
    "GPU CSR": 8.87050075426561,
    "GPU CSR (cuSparse)": 17.05225218704178,
    "GPU CSR (vector)": 17.564534142892406,
    "GPU CSR-Adaptive": 0.0,
    "GPU ELL": 57.2959668944514
  },
  "ML_Laplace.mtx": {
    "CPU CSR": 2.477550320314743,
    "CPU CSR (mkl)": 4.2021533743523,
    "CPU CSR Parallel": 4.247539619008043,
    "GPU COO": 19.043579314228836,
    "GPU CSR": 6.096513210232211,
    "GPU CSR (cuSparse)": 42.04112967505405,
    "GPU CSR (vector)": 46.54214892277541,
    "GPU CSR-Adaptive": 0.0,
    "GPU ELL": 52.79580920975916
  },
  "PR02R.mtx": {
    "CPU CSR": 2.4024703500900286,
    "CPU CSR (mkl)": 3.8356764467371165,
    "CPU CSR Parallel": 4.31539902279057,
    "GPU COO": 16.608370154641744,
    "GPU CSR": 8.07187108600289,
    "GPU CSR (cuSparse)": 30.732369070021484,
    "GPU CSR (vector)": 29.079752995717854,
    "GPU CSR-Adaptive": 0.0,
    "GPU ELL": 47.66365253175727
  },
  "af23560.mtx": {
    "CPU CSR": 2.63585149059161,
    "CPU CSR (mkl)": 4.5765265137553985,
    "CPU CSR Parallel": 6.8324879542296,
    "GPU COO": 24.7878801267806,
    "GPU CSR": 14.763903008494754,
    "GPU CSR (cuSparse)": 19.09526874171672,
    "GPU CSR (vector)": 20.56114119110806,
    "GPU CSR-Adaptive": 0.0,
    "GPU ELL": 53.6848913914255
  },
  "lung2.mtx": {
    "CPU CSR": 2.1050868101928524,
    "CPU CSR (mkl)": 3.9495327327616274,
    "CPU CSR Parallel": 3.6943362121660996,
    "GPU COO": 30.005115099819346,
    "GPU CSR": 22.586389918482354,
    "GPU CSR (cuSparse)": 13.355855789659778,
    "GPU CSR (vector)": 2.5182207932423695,
    "GPU CSR-Adaptive": 0.0,
    "GPU ELL": 44.13709818054698
  },
  "mac_econ_fwd500.mtx": {
    "CPU CSR": 1.761390035625092,
    "CPU CSR (mkl)": 3.5914677226248344,
    "CPU CSR Parallel": 5.295373265910376,
    "GPU COO": 32.738302348768514,
    "GPU CSR": 21.82254199184031,
    "GPU CSR (cuSparse)": 17.522415131127484,
    "GPU CSR (vector)": 4.934698065664653,
    "GPU CSR-Adaptive": 0.0,
    "GPU ELL": 42.052354918676265
  },
  "mhd4800a.mtx": {
    "CPU CSR": 2.938824780490609,
    "CPU CSR (mkl)": 7.307890222984563,
    "CPU CSR Parallel": 10.830058783032356,
    "GPU COO": 18.796324331066042,
    "GPU CSR": 4.758562890167915,
    "GPU CSR (cuSparse)": 7.774635535696809,
    "GPU CSR (vector)": 12.83283081280168,
    "GPU CSR-Adaptive": 0.0,
    "GPU ELL": 33.333334961387315
  },
  "raefsky3.mtx": {
    "CPU CSR": 2.440429248078211,
    "CPU CSR (mkl)": 1.278074811220653,
    "CPU CSR Parallel": 5.339712815693813,
    "GPU COO": 17.237494691183134,
    "GPU CSR": 7.516600937847195,
    "GPU CSR (cuSparse)": 35.541637200455355,
    "GPU CSR (vector)": 42.604393742602284,
    "GPU CSR-Adaptive": 0.0,
    "GPU ELL": 59.35050443945501
  },
  "thermal.mtx": {
    "CPU CSR": 3.128741740541303,
    "CPU CSR (mkl)": 3.081283868278449,
    "CPU CSR Parallel": 9.32286995515695,
    "GPU COO": 16.242187959360447,
    "GPU CSR": 3.7258063805555643,
    "GPU CSR (cuSparse)": 5.711538211946747,
    "GPU CSR (vector)": 11.880000222936925,
    "GPU CSR-Adaptive": 0.0,
    "GPU ELL": 23.142856533087066
  }
}