{
  "FEM_3D_thermal2.mtx": {
    "CPU CSR": 0.002663062,
    "CPU CSR (mkl)": 0.001656209,
    "CPU CSR Parallel": 0.002659231,
    "GPU COO": 0.000397344003431499,
    "GPU CSR": 0.0007867199601605535,
    "GPU CSR (cuSparse)": 0.0004092479939572513,
    "GPU CSR (vector)": 0.0003973119892179966,
    "GPU CSR-Adaptive": 0.0003990400000475347,
    "GPU ELL": 0.00013939201016910374
  },
  "ML_Laplace.mtx": {
    "CPU CSR": 0.022352702,
    "CPU CSR (mkl)": 0.013178944,
    "CPU CSR Parallel": 0.013038123,
    "GPU COO": 0.002908063819631934,
    "GPU CSR": 0.009083871729671955,
    "GPU CSR (cuSparse)": 0.0013172801118344069,
    "GPU CSR (vector)": 0.0011898879893124104,
    "GPU CSR-Adaptive": 0.002538016065955162,
    "GPU ELL": 0.001056831912137568
  },
  "PR02R.mtx": {
    "CPU CSR": 0.006813933,
    "CPU CSR (mkl)": 0.004267897,
    "CPU CSR Parallel": 0.003793455,
    "GPU COO": 0.0009856639662757516,
    "GPU CSR": 0.002028064103797078,
    "GPU CSR (cuSparse)": 0.0005326719838194549,
    "GPU CSR (vector)": 0.000562943983823061,
    "GPU CSR-Adaptive": 0.0009327039588242769,
    "GPU ELL": 0.0006217920454218984
  },
  "af23560.mtx": {
    "CPU CSR": 0.000367438,
    "CPU CSR (mkl)": 0.000211626,
    "CPU CSR Parallel": 0.000141751,
    "GPU COO": 3.90719978895504e-05,
    "GPU CSR": 6.55999974696897e-05,
    "GPU CSR (cuSparse)": 5.071999839856289e-05,
    "GPU CSR (vector)": 4.710400025942363e-05,
    "GPU CSR-Adaptive": 4.492799780564383e-05,
    "GPU ELL": 1.8432001525070518e-05
  },
  "lung2.mtx": {
    "CPU CSR": 0.000467975,
    "CPU CSR (mkl)": 0.000249429,
    "CPU CSR Parallel": 0.000266659,
    "GPU COO": 3.2832002034410834e-05,
    "GPU CSR": 4.361600076663308e-05,
    "GPU CSR (cuSparse)": 7.376000576186925e-05,
    "GPU CSR (vector)": 0.0003912000101990998,
    "GPU CSR-Adaptive": 4.3711999751394615e-05,
    "GPU ELL": 3.967999873566441e-05
  },
  "mac_econ_fwd500.mtx": {
    "CPU CSR": 0.001445891,
    "CPU CSR (mkl)": 0.000709119,
    "CPU CSR Parallel": 0.000480944,
    "GPU COO": 7.779199950164184e-05,
    "GPU CSR": 0.00011670400272123516,
    "GPU CSR (cuSparse)": 0.0001453440054319799,
    "GPU CSR (vector)": 0.0005160960135981441,
    "GPU CSR-Adaptive": 0.00010713600204326212,
    "GPU ELL": 0.00043212799937464297
  },
  "mhd4800a.mtx": {
    "CPU CSR": 6.9587e-05,
    "CPU CSR (mkl)": 2.7984e-05,
    "CPU CSR Parallel": 1.8883e-05,
    "GPU COO": 1.0879999535973184e-05,
    "GPU CSR": 4.297600025893189e-05,
    "GPU CSR (cuSparse)": 2.6303998311050236e-05,
    "GPU CSR (vector)": 1.5936000636429526e-05,
    "GPU CSR-Adaptive": 1.769600021361839e-05,
    "GPU ELL": 9.503999535809271e-06
  },
  "raefsky3.mtx": {
    "CPU CSR": 0.001220087,
    "CPU CSR (mkl)": 0.002329704,
    "CPU CSR Parallel": 0.000557621,
    "GPU COO": 0.00017273600678890944,
    "GPU CSR": 0.00039612798718735576,
    "GPU CSR (cuSparse)": 8.377599442610517e-05,
    "GPU CSR (vector)": 6.988800305407494e-05,
    "GPU CSR-Adaptive": 0.0006843520095571876,
    "GPU ELL": 5.715199949918315e-05
  },
  "thermal.mtx": {
    "CPU CSR": 4.2527e-05,
    "CPU CSR (mkl)": 4.3182e-05,
    "CPU CSR Parallel": 1.4272e-05,
    "GPU COO": 8.191999768314417e-06,
    "GPU CSR": 3.5712000681087375e-05,
    "GPU CSR (cuSparse)": 2.329600101802498e-05,
    "GPU CSR (vector)": 1.1199999789823778e-05,
    "GPU CSR-Adaptive": 1.0623999514791649e-05,
    "GPU ELL": 8.064000212471001e-06
  }
}